epoch,loss,accuracy,lr,epoch_time_s,taskbc_time_s,wait_time_s,overlap_s,num_ranks
1,0.692695,0.5408,0.1,2.8063,1.7762,0.0033,1.773,3
10,0.688813,0.68292,0.052632,2.8544,1.5911,0.0149,1.5762,3
20,0.686291,0.69486,0.034483,2.8518,1.7724,0.0087,1.7637,3
30,0.684544,0.70334,0.025641,3.4269,1.9196,0.0052,1.9144,3
40,0.683213,0.70556,0.020408,2.8769,1.826,0.0203,1.8057,3
50,0.682142,0.70673,0.016949,2.907,1.7694,0.028,1.7414,3
60,0.681245,0.70765,0.014493,2.8904,1.7637,0.0365,1.7272,3
70,0.680474,0.70884,0.012658,2.8205,1.7686,0.0368,1.7318,3
80,0.679802,0.70954,0.011236,2.8114,1.7703,0.0367,1.7336,3
90,0.679204,0.71017,0.010101,2.8056,1.7678,0.0033,1.7645,3
100,0.678666,0.71085,0.009174,2.8323,1.7704,0.0221,1.7483,3
110,0.678177,0.71123,0.008403,2.8377,1.7709,0.0063,1.7646,3
120,0.677729,0.71175,0.007752,2.7902,1.7656,0.0244,1.7412,3
130,0.677316,0.71215,0.007194,2.8142,1.7702,0.0103,1.7599,3
140,0.676934,0.71256,0.006711,2.8323,1.7679,0.0066,1.7614,3
150,0.676577,0.71288,0.006289,2.8789,1.7654,0.0338,1.7316,3
160,0.676243,0.71326,0.005917,2.8251,1.774,0.0311,1.7429,3
170,0.675928,0.71351,0.005587,2.8212,1.7694,0.0172,1.7522,3
180,0.675632,0.7138,0.005291,2.8326,1.767,0.0514,1.7156,3
190,0.675352,0.71416,0.005025,2.8223,1.7692,0.0286,1.7405,3
200,0.675087,0.7142,0.004785,2.8209,1.765,0.0409,1.7241,3
