epoch,loss,accuracy,loss_val,acc_val,lr,epoch_time_s,gpu_time_s,ar_time_s,bc_time_s,overlap_s
1,0.692381,0.56341,0.692505,0.556706,0.64,1.7657,1.0431,0.7177,0.7131,0.7131
10,0.686639,0.69749,0.686615,0.70372,0.336842,1.75,0.9303,0.6402,0.6392,0.6392
20,0.682967,0.7058,0.682866,0.709571,0.22069,1.7611,1.0298,0.7184,0.7164,0.7164
30,0.680451,0.70825,0.680301,0.710171,0.164103,1.7547,1.0342,0.7122,0.7108,0.7108
40,0.678545,0.71106,0.678361,0.711221,0.130612,1.7632,1.0362,0.7152,0.7135,0.7135
50,0.677018,0.71296,0.676805,0.713471,0.108475,1.7593,1.0302,0.7172,0.7136,0.7136
60,0.675743,0.71387,0.675505,0.716022,0.092754,1.7725,1.0382,0.7293,0.7126,0.7126
70,0.674652,0.71503,0.674394,0.717072,0.081013,1.7597,1.0332,0.7188,0.7146,0.7146
80,0.673699,0.71558,0.673425,0.717222,0.07191,1.7475,1.0305,0.718,0.7169,0.7169
90,0.672855,0.71631,0.672564,0.717972,0.064646,1.7672,1.0394,0.7198,0.7186,0.7186
100,0.672099,0.71689,0.671793,0.718272,0.058716,1.7639,1.0348,0.7144,0.7122,0.7122
110,0.671411,0.71756,0.671092,0.719022,0.053782,1.7552,1.0364,0.7121,0.7107,0.7107
120,0.670782,0.71821,0.670452,0.719022,0.049612,1.7611,1.0329,0.7174,0.7132,0.7132
130,0.670204,0.71848,0.669864,0.720072,0.046043,1.7543,1.0345,0.7235,0.7224,0.7224
140,0.66967,0.7186,0.669319,0.719922,0.042953,1.7675,1.041,0.7213,0.7202,0.7202
150,0.669171,0.71927,0.668811,0.720822,0.040252,1.7668,1.0416,0.7163,0.7151,0.7151
160,0.668704,0.71956,0.668336,0.720822,0.03787,1.7583,1.0404,0.7217,0.7205,0.7205
170,0.668267,0.71984,0.667889,0.721572,0.035754,1.7595,1.042,0.7255,0.7193,0.7193
180,0.667854,0.72033,0.667469,0.721422,0.033862,1.7519,1.033,0.7144,0.7126,0.7126
190,0.667464,0.72069,0.667072,0.721422,0.032161,1.7654,1.0339,0.7105,0.7079,0.7079
200,0.667094,0.72107,0.666695,0.721572,0.030622,1.7634,1.0352,0.7184,0.7173,0.7173
