epoch,loss,accuracy,loss_val,acc_val,lr,epoch_time_s,allreduce_time_s,shuffle_time_s,num_ranks
1,0.692823,0.53074,0.692792,0.531,0.1,1.0225,0.0608,0.1562,4
10,0.689699,0.67627,0.68959,0.6816,0.052632,1.0243,0.0287,0.1428,4
20,0.687658,0.69039,0.687506,0.7006,0.034483,1.0258,0.0327,0.1613,4
30,0.686243,0.69591,0.686065,0.706,0.025641,1.0253,0.0351,0.1608,4
40,0.685162,0.69926,0.684967,0.71,0.020408,1.0271,0.0352,0.1615,4
50,0.684288,0.70197,0.684078,0.7124,0.016949,1.0355,0.0282,0.1613,4
60,0.683556,0.70318,0.683333,0.7124,0.014493,1.0328,0.0209,0.1617,4
70,0.682926,0.70448,0.682692,0.7132,0.012658,1.0333,0.02,0.162,4
80,0.682374,0.70533,0.68213,0.7126,0.011236,1.0285,0.017,0.1624,4
90,0.681883,0.70593,0.68163,0.7128,0.010101,1.0339,0.0243,0.1619,4
100,0.681441,0.70691,0.681181,0.7118,0.009174,1.0323,0.023,0.1614,4
110,0.681039,0.70769,0.680774,0.712,0.008403,1.0278,0.0228,0.162,4
120,0.680671,0.70799,0.680399,0.7122,0.007752,1.0282,0.0257,0.1609,4
130,0.680331,0.70845,0.680053,0.7126,0.007194,1.0289,0.0231,0.1613,4
140,0.680016,0.70872,0.679732,0.7124,0.006711,1.0352,0.025,0.1609,4
150,0.679722,0.70917,0.679433,0.7134,0.006289,1.0331,0.0187,0.1605,4
160,0.679446,0.70969,0.679153,0.7134,0.005917,1.0364,0.0154,0.1607,4
170,0.679187,0.71009,0.678889,0.7142,0.005587,1.0367,0.0159,0.161,4
180,0.678943,0.71042,0.67864,0.7148,0.005291,1.027,0.0193,0.1612,4
190,0.678712,0.71069,0.678406,0.7156,0.005025,1.0308,0.0181,0.1607,4
200,0.678492,0.71099,0.678183,0.7152,0.004785,1.0303,0.0229,0.1612,4
