epoch,loss,accuracy,lr,epoch_time_s,num_ranks
1,0.693038,0.51005,0.1,0.6214,7
10,0.691202,0.64111,0.052632,0.6267,7
20,0.689991,0.66903,0.034483,0.6215,7
30,0.689146,0.67941,0.025641,0.6211,7
40,0.688497,0.68459,0.020408,0.6214,7
50,0.687971,0.68826,0.016949,0.6223,7
60,0.687528,0.69065,0.014493,0.6213,7
70,0.687147,0.69257,0.012658,0.6225,7
80,0.686812,0.69396,0.011236,0.6218,7
90,0.686513,0.6949,0.010101,0.6226,7
100,0.686244,0.69576,0.009174,0.6219,7
110,0.685999,0.69644,0.008403,0.6397,7
120,0.685774,0.69727,0.007752,0.6221,7
130,0.685566,0.6976,0.007194,0.6234,7
140,0.685373,0.69832,0.006711,0.625,7
150,0.685193,0.69878,0.006289,0.6238,7
160,0.685024,0.69909,0.005917,0.6239,7
170,0.684865,0.69967,0.005587,0.6225,7
180,0.684715,0.7,0.005291,0.6232,7
190,0.684572,0.7004,0.005025,0.6222,7
200,0.684437,0.70101,0.004785,0.6239,7
