epoch,loss,accuracy,lr,epoch_time_s,num_workers
1,0.692968,0.51571,0.1,28.5373,6
10,0.690731,0.65467,0.052632,28.5462,6
20,0.689262,0.67848,0.034483,28.5437,6
30,0.688239,0.68677,0.025641,28.5489,6
40,0.687455,0.6916,0.020408,28.5504,6
50,0.68682,0.69451,0.016949,28.5466,6
60,0.686286,0.69583,0.014493,28.5452,6
70,0.685827,0.69708,0.012658,28.5448,6
80,0.685424,0.69808,0.011236,28.5484,6
90,0.685064,0.69893,0.010101,28.5516,6
100,0.684741,0.69996,0.009174,28.5551,6
110,0.684446,0.70098,0.008403,28.5455,6
120,0.684175,0.70175,0.007752,28.552,6
130,0.683926,0.70225,0.007194,28.5521,6
140,0.683694,0.70262,0.006711,28.547,6
150,0.683478,0.70321,0.006289,28.5495,6
160,0.683275,0.70343,0.005917,28.5471,6
170,0.683084,0.70373,0.005587,28.5557,6
180,0.682904,0.70416,0.005291,28.5496,6
190,0.682734,0.70444,0.005025,28.5493,6
200,0.682572,0.70471,0.004785,28.5536,6
