epoch,loss,accuracy,loss_val,acc_val,lr,epoch_time_s,gpu_time_s,allreduce_time_s,taskbc_time_s,overlap_s,num_ranks
1,0.633722,0.726808,0.635366,0.72396,0.1,0.1629,0.0432,0.1183,0.1049,0.1049,8
10,0.532617,0.770496,0.533303,0.76852,0.052632,0.1586,0.0406,0.1028,0.0945,0.0945,8
20,0.512794,0.773109,0.513478,0.77076,0.034483,0.1586,0.042,0.1174,0.1042,0.1042,8
30,0.504434,0.77458,0.505155,0.77368,0.025641,0.1591,0.0447,0.1153,0.1056,0.1056,8
40,0.49965,0.77558,0.500408,0.77452,0.020408,0.1586,0.0442,0.1149,0.1049,0.1049,8
50,0.496479,0.776319,0.497269,0.77536,0.016949,0.1604,0.0448,0.1151,0.1059,0.1059,8
60,0.494189,0.776956,0.495003,0.7758,0.014493,0.1585,0.0442,0.1149,0.1049,0.1049,8
70,0.492437,0.777335,0.493269,0.77616,0.012658,0.1589,0.0424,0.1164,0.1051,0.1051,8
80,0.491042,0.777686,0.491891,0.77672,0.011236,0.1588,0.0426,0.1175,0.1062,0.1062,8
90,0.489897,0.778051,0.490761,0.77688,0.010101,0.1587,0.0428,0.1164,0.1047,0.1047,8
100,0.488937,0.778284,0.489816,0.77712,0.009174,0.159,0.0442,0.115,0.1046,0.1046,8
110,0.488113,0.778535,0.489002,0.77752,0.008403,0.1589,0.0436,0.1153,0.1048,0.1048,8
120,0.487398,0.778755,0.488297,0.77748,0.007752,0.1597,0.0446,0.1141,0.1047,0.1047,8
130,0.486769,0.778966,0.487677,0.77788,0.007194,0.1584,0.0432,0.1154,0.1047,0.1047,8
140,0.48621,0.779104,0.487128,0.77792,0.006711,0.1591,0.0442,0.115,0.1046,0.1046,8
150,0.48571,0.779262,0.486635,0.77808,0.006289,0.1581,0.0434,0.1166,0.1046,0.1046,8
160,0.485257,0.779416,0.48619,0.778,0.005917,0.1585,0.0427,0.1157,0.1048,0.1048,8
170,0.484846,0.779567,0.485785,0.77808,0.005587,0.1598,0.0439,0.1154,0.1055,0.1055,8
180,0.484469,0.77972,0.485414,0.7782,0.005291,0.1582,0.0431,0.1152,0.1047,0.1047,8
190,0.484124,0.779809,0.485074,0.77836,0.005025,0.1581,0.044,0.1149,0.1051,0.1051,8
200,0.483803,0.779951,0.484758,0.77864,0.004785,0.1585,0.0429,0.1166,0.1057,0.1057,8
