epoch,loss,accuracy,epoch_time_s
1,0.691241,0.64051,4.2399
10,0.67915,0.70985,4.0707
20,0.671753,0.71762,4.0489
30,0.666818,0.72153,4.0548
40,0.663146,0.72461,4.0518
50,0.660236,0.72693,4.0718
60,0.657835,0.72886,4.0538
70,0.655796,0.73039,4.0669
80,0.654028,0.73177,4.0526
90,0.652469,0.73298,4.0529
100,0.651077,0.73416,4.0479
110,0.64982,0.73499,4.0515
120,0.648676,0.736,4.0874
130,0.647626,0.73695,4.051
140,0.646657,0.73792,4.0527
150,0.645758,0.73851,4.0547
160,0.644919,0.7391,4.0495
170,0.644133,0.73973,4.0509
180,0.643395,0.74048,4.0511
190,0.642698,0.74087,4.052
200,0.64204,0.7414,4.0558
