epoch,loss,accuracy,lr,epoch_time_s,allreduce_time_s,taskbc_time_s,overlap_s,num_ranks
1,0.633722,0.726808,0.1,0.1557,0.1192,0.1084,0.1084,8
10,0.532617,0.770496,0.052632,0.1487,0.1061,0.0975,0.0975,8
20,0.512794,0.773109,0.034483,0.1518,0.1181,0.1065,0.1065,8
30,0.504434,0.77458,0.025641,0.1526,0.1184,0.1067,0.1067,8
40,0.49965,0.77558,0.020408,0.1494,0.119,0.1067,0.1067,8
50,0.496479,0.776319,0.016949,0.15,0.1176,0.1066,0.1066,8
60,0.494189,0.776956,0.014493,0.1502,0.1157,0.1078,0.1078,8
70,0.492437,0.777335,0.012658,0.1499,0.1158,0.1071,0.1071,8
80,0.491042,0.777686,0.011236,0.1494,0.1189,0.1074,0.1074,8
90,0.489897,0.778051,0.010101,0.1507,0.1163,0.1071,0.1071,8
100,0.488937,0.778284,0.009174,0.148,0.1157,0.1069,0.1069,8
110,0.488113,0.778535,0.008403,0.1495,0.1164,0.1067,0.1067,8
120,0.487398,0.778755,0.007752,0.1502,0.1213,0.1075,0.1075,8
130,0.486769,0.778966,0.007194,0.1505,0.1166,0.108,0.108,8
140,0.48621,0.779104,0.006711,0.1492,0.1158,0.1084,0.1084,8
150,0.48571,0.779262,0.006289,0.1495,0.1143,0.1071,0.1071,8
160,0.485257,0.779416,0.005917,0.1517,0.1196,0.1075,0.1075,8
170,0.484846,0.779567,0.005587,0.1486,0.1161,0.108,0.108,8
180,0.484469,0.77972,0.005291,0.1487,0.1149,0.1071,0.1071,8
190,0.484124,0.779809,0.005025,0.1492,0.1169,0.1075,0.1075,8
200,0.483803,0.779951,0.004785,0.1511,0.1179,0.1075,0.1075,8
