epoch,loss,accuracy,loss_val,acc_val,lr,epoch_time_s,gpu_time_s,taskbc_time_s,wait_time_s,overlap_s,num_ranks
1,0.693101,0.50384,0.693081,0.496,0.1,0.5748,0.1805,0.3507,0.0397,0.311,8
10,0.691656,0.62194,0.69161,0.6256,0.052632,0.5868,0.1347,0.3092,0.0753,0.2338,8
20,0.690699,0.65885,0.690643,0.6552,0.034483,0.5556,0.1315,0.3426,0.09,0.2526,8
30,0.69003,0.66991,0.689967,0.666,0.025641,0.5851,0.1855,0.3472,0.0676,0.2796,8
40,0.689515,0.67681,0.68945,0.6728,0.020408,0.5809,0.149,0.3436,0.0937,0.2499,8
50,0.689097,0.6804,0.68903,0.6792,0.016949,0.6299,0.1849,0.3487,0.0582,0.2904,8
60,0.688746,0.68379,0.688679,0.684,0.014493,0.6112,0.1527,0.3435,0.1095,0.2339,8
70,0.688442,0.68582,0.688375,0.69,0.012658,0.5834,0.141,0.3441,0.0895,0.2546,8
80,0.688175,0.68769,0.688109,0.69,0.011236,0.5941,0.138,0.3429,0.1099,0.233,8
90,0.687938,0.68871,0.687871,0.6928,0.010101,0.6095,0.1456,0.3445,0.1065,0.238,8
100,0.687724,0.68994,0.687657,0.6932,0.009174,0.6182,0.1428,0.3434,0.124,0.2194,8
110,0.687528,0.69119,0.687463,0.6956,0.008403,0.6524,0.1436,0.3429,0.1221,0.2208,8
120,0.687349,0.69205,0.687284,0.6956,0.007752,0.5449,0.1621,0.3449,0.088,0.2569,8
130,0.687184,0.69226,0.687117,0.696,0.007194,0.6174,0.1606,0.3449,0.0928,0.2521,8
140,0.68703,0.6929,0.686964,0.6972,0.006711,0.5651,0.1397,0.3436,0.0912,0.2523,8
150,0.686886,0.69343,0.68682,0.6972,0.006289,0.546,0.1739,0.3458,0.0888,0.257,8
160,0.686751,0.69407,0.686686,0.6988,0.005917,0.5938,0.1518,0.3469,0.0914,0.2555,8
170,0.686624,0.69435,0.68656,0.7008,0.005587,0.6436,0.1555,0.3442,0.117,0.2272,8
180,0.686504,0.69484,0.68644,0.702,0.005291,0.6782,0.1711,0.3461,0.0783,0.2678,8
190,0.686391,0.69519,0.686327,0.7028,0.005025,0.6014,0.1697,0.3472,0.0788,0.2684,8
200,0.686283,0.69526,0.686219,0.7028,0.004785,0.6392,0.1482,0.3436,0.1019,0.2418,8
